area_title,occ_code,occ_title,tot_emp_2022,a_median_2022,third,third_ho,rent,ho,ho_price
"Washington-Arlington-Alexandria, DC-VA-MD-WV",13-0000,Business and Financial Operations Occupations,374150,98800,29640,27664.000000000004,2470,2055.3333333333335,303399.4174348987
"Washington-Arlington-Alexandria, DC-VA-MD-WV",43-0000,Office and Administrative Support Occupations,306960,47430,14229,13280.400000000001,1185.75,856.7,126462.34880788732
"Washington-Arlington-Alexandria, DC-VA-MD-WV",11-0000,Management Occupations,286370,147260,44178,41232.8,3681.5,3186.066666666667,470313.38172660547
"Washington-Arlington-Alexandria, DC-VA-MD-WV",15-0000,Computer and Mathematical Occupations,243800,125660,37698,35184.8,3141.5,2682.066666666667,395915.081505787
"Washington-Arlington-Alexandria, DC-VA-MD-WV",35-0000,Food Preparation and Serving Related Occupations,224870,34450,10335,9646.000000000002,861.25,553.8333333333335,81754.48136037697
