NAME,GEOID,year,tenure,estimate,moe,pct
Arlington County,51013,2010,Homeowner,43168,891,0.4697688590954599
Arlington County,51013,2010,Renter,48724,1399,0.5302311409045402
Fairfax County,51059,2010,Homeowner,274448,2217,0.7188868632258335
Fairfax County,51059,2010,Renter,107320,1651,0.2811131367741665
Loudoun County,51107,2010,Homeowner,77022,984,0.8079513269694745
Loudoun County,51107,2010,Renter,18308,712,0.19204867303052553
Prince William County,51153,2010,Homeowner,93372,1231,0.7476997733806324
Prince William County,51153,2010,Renter,31507,1020,0.2523002266193676
Alexandria city,51510,2010,Homeowner,29103,872,0.4566035959710063
Alexandria city,51510,2010,Renter,34635,891,0.5433964040289937
Fairfax city,51600,2010,Homeowner,6148,244,0.7212576255279212
Fairfax city,51600,2010,Renter,2376,222,0.27874237447207884
Falls Church city,51610,2010,Homeowner,3006,182,0.6387590310242244
Falls Church city,51610,2010,Renter,1700,200,0.3612409689757756
Manassas city,51683,2010,Homeowner,8003,348,0.6821513808387317
Manassas city,51683,2010,Renter,3729,350,0.31784861916126833
Manassas Park city,51685,2010,Homeowner,2993,210,0.7116024726581075
Manassas Park city,51685,2010,Renter,1213,198,0.28839752734189256
Arlington County,51013,2011,Homeowner,43096,831,0.4662252801938639
Arlington County,51013,2011,Renter,49340,1105,0.5337747198061361
Fairfax County,51059,2011,Homeowner,273783,2220,0.7100733978265944
Fairfax County,51059,2011,Renter,111787,1964,0.2899266021734056
Loudoun County,51107,2011,Homeowner,78987,882,0.791762311925502
Loudoun County,51107,2011,Renter,20774,792,0.20823768807449805
Prince William County,51153,2011,Homeowner,94336,1165,0.7418101753558229
Prince William County,51153,2011,Renter,32834,1047,0.2581898246441771
Alexandria city,51510,2011,Homeowner,28868,850,0.4495382842549481
Alexandria city,51510,2011,Renter,35349,927,0.550461715745052
Fairfax city,51600,2011,Homeowner,5880,236,0.6942148760330579
Fairfax city,51600,2011,Renter,2590,234,0.30578512396694213
Falls Church city,51610,2011,Homeowner,2966,171,0.6170168504264614
Falls Church city,51610,2011,Renter,1841,200,0.3829831495735386
Manassas city,51683,2011,Homeowner,7883,421,0.6639993261455526
Manassas city,51683,2011,Renter,3989,424,0.33600067385444743
Manassas Park city,51685,2011,Homeowner,2867,193,0.6764983482774893
Manassas Park city,51685,2011,Renter,1371,195,0.3235016517225106
Arlington County,51013,2012,Homeowner,42696,994,0.4591362697866483
Arlington County,51013,2012,Renter,50296,1145,0.5408637302133517
Fairfax County,51059,2012,Homeowner,270928,1881,0.6974555414826027
Fairfax County,51059,2012,Renter,117524,1807,0.30254445851739725
Loudoun County,51107,2012,Homeowner,81476,925,0.7819569077210998
Loudoun County,51107,2012,Renter,22719,835,0.21804309227890015
Prince William County,51153,2012,Homeowner,94406,1187,0.728199748540222
Prince William County,51153,2012,Renter,35237,1021,0.271800251459778
Alexandria city,51510,2012,Homeowner,28403,673,0.43879868374299
Alexandria city,51510,2012,Renter,36326,967,0.56120131625701
Fairfax city,51600,2012,Homeowner,5958,234,0.6993778612513206
Fairfax city,51600,2012,Renter,2561,235,0.30062213874867943
Falls Church city,51610,2012,Homeowner,3024,168,0.6226065472513898
Falls Church city,51610,2012,Renter,1833,201,0.37739345274861025
Manassas city,51683,2012,Homeowner,7842,364,0.6529015069519607
Manassas city,51683,2012,Renter,4169,335,0.3470984930480393
Manassas Park city,51685,2012,Homeowner,2816,245,0.6584054243628712
Manassas Park city,51685,2012,Renter,1461,263,0.3415945756371288
Arlington County,51013,2013,Homeowner,42654,926,0.45158489846909605
Arlington County,51013,2013,Renter,51800,1091,0.5484151015309039
Fairfax County,51059,2013,Homeowner,269167,2105,0.6903346430440002
Fairfax County,51059,2013,Renter,120741,1923,0.3096653569559999
Loudoun County,51107,2013,Homeowner,83100,980,0.7766572894567138
Loudoun County,51107,2013,Renter,23897,936,0.22334271054328625
Prince William County,51153,2013,Homeowner,95506,1165,0.7211156581748992
Prince William County,51153,2013,Renter,36936,1155,0.2788843418251008
Alexandria city,51510,2013,Homeowner,28337,734,0.43349294007863054
Alexandria city,51510,2013,Renter,37032,1120,0.5665070599213694
Fairfax city,51600,2013,Homeowner,5812,236,0.6844088553933113
Fairfax city,51600,2013,Renter,2680,246,0.31559114460668863
Falls Church city,51610,2013,Homeowner,2981,186,0.5938247011952191
Falls Church city,51610,2013,Renter,2039,210,0.40617529880478087
Manassas city,51683,2013,Homeowner,7865,403,0.6515076209410205
Manassas city,51683,2013,Renter,4207,416,0.34849237905897945
Manassas Park city,51685,2013,Homeowner,2825,239,0.636978579481398
Manassas Park city,51685,2013,Renter,1610,243,0.36302142051860203
Arlington County,51013,2014,Homeowner,43157,873,0.4483192055181584
Arlington County,51013,2014,Renter,53107,1266,0.5516807944818416
Fairfax County,51059,2014,Homeowner,267156,2036,0.6818787424003431
Fairfax County,51059,2014,Renter,124638,1889,0.318121257599657
Loudoun County,51107,2014,Homeowner,84662,965,0.7693258335075014
Loudoun County,51107,2014,Renter,25385,831,0.23067416649249867
Prince William County,51153,2014,Homeowner,96757,1381,0.7181175178310338
Prince William County,51153,2014,Renter,37980,1096,0.2818824821689662
Alexandria city,51510,2014,Homeowner,28146,828,0.4269979974513017
Alexandria city,51510,2014,Renter,37770,936,0.5730020025486984
Fairfax city,51600,2014,Homeowner,5944,237,0.7009433962264151
Fairfax city,51600,2014,Renter,2536,239,0.2990566037735849
Falls Church city,51610,2014,Homeowner,2933,207,0.5906161900926299
Falls Church city,51610,2014,Renter,2033,209,0.4093838099073701
Manassas city,51683,2014,Homeowner,7936,387,0.6465699853348542
Manassas city,51683,2014,Renter,4338,380,0.35343001466514584
Manassas Park city,51685,2014,Homeowner,2893,244,0.6391957578435705
Manassas Park city,51685,2014,Renter,1633,220,0.36080424215642953
Arlington County,51013,2015,Homeowner,43697,962,0.4438902489816235
Arlington County,51013,2015,Renter,54744,1364,0.5561097510183765
Fairfax County,51059,2015,Homeowner,265693,1892,0.6771750073275478
Fairfax County,51059,2015,Renter,126662,1894,0.32282499267245224
Loudoun County,51107,2015,Homeowner,87461,1078,0.7710434445306439
Loudoun County,51107,2015,Renter,25971,1007,0.2289565554693561
Prince William County,51153,2015,Homeowner,97744,1053,0.7145342631986783
Prince William County,51153,2015,Renter,39050,1141,0.2854657368013217
Alexandria city,51510,2015,Homeowner,28410,737,0.4247970214865653
Alexandria city,51510,2015,Renter,38469,935,0.5752029785134347
Fairfax city,51600,2015,Homeowner,5925,244,0.699775599385851
Fairfax city,51600,2015,Renter,2542,227,0.30022440061414907
Falls Church city,51610,2015,Homeowner,3031,173,0.5867208672086721
Falls Church city,51610,2015,Renter,2135,211,0.4132791327913279
Manassas city,51683,2015,Homeowner,7988,379,0.6424837127000724
Manassas city,51683,2015,Renter,4445,348,0.3575162872999276
Manassas Park city,51685,2015,Homeowner,3246,218,0.6872750370527207
Manassas Park city,51685,2015,Renter,1477,241,0.31272496294727925
Arlington County,51013,2016,Homeowner,44531,847,0.44218376081106575
Arlington County,51013,2016,Renter,56176,1219,0.5578162391889342
Fairfax County,51059,2016,Homeowner,265351,1957,0.6745788823412769
Fairfax County,51059,2016,Renter,128007,1655,0.3254211176587231
Loudoun County,51107,2016,Homeowner,90656,993,0.774354462600258
Loudoun County,51107,2016,Renter,26417,828,0.22564553739974205
Prince William County,51153,2016,Homeowner,98292,1206,0.7117348047095625
Prince William County,51153,2016,Renter,39810,1185,0.2882651952904375
Alexandria city,51510,2016,Homeowner,28710,640,0.4218150830847891
Alexandria city,51510,2016,Renter,39353,794,0.5781849169152109
Fairfax city,51600,2016,Homeowner,5992,206,0.7069372345445966
Fairfax city,51600,2016,Renter,2484,218,0.2930627654554035
Falls Church city,51610,2016,Homeowner,3162,178,0.5964912280701754
Falls Church city,51610,2016,Renter,2139,202,0.40350877192982454
Manassas city,51683,2016,Homeowner,7727,351,0.6216411906677394
Manassas city,51683,2016,Renter,4703,346,0.3783588093322607
Manassas Park city,51685,2016,Homeowner,3112,242,0.6579281183932346
Manassas Park city,51685,2016,Renter,1618,237,0.3420718816067653
Arlington County,51013,2017,Homeowner,45525,888,0.4449711660639234
Arlington County,51013,2017,Renter,56785,1019,0.5550288339360766
Fairfax County,51059,2017,Homeowner,266707,2225,0.6779882047892622
Fairfax County,51059,2017,Renter,126673,1904,0.3220117952107377
Loudoun County,51107,2017,Homeowner,94437,873,0.7785472262755669
Loudoun County,51107,2017,Renter,26862,900,0.221452773724433
Prince William County,51153,2017,Homeowner,100948,1104,0.7246493331227657
Prince William County,51153,2017,Renter,38358,994,0.2753506668772343
Alexandria city,51510,2017,Homeowner,29576,813,0.43074144735883957
Alexandria city,51510,2017,Renter,39087,846,0.5692585526411604
Fairfax city,51600,2017,Homeowner,5949,247,0.6999647017296152
Fairfax city,51600,2017,Renter,2550,244,0.3000352982703848
Falls Church city,51610,2017,Homeowner,3178,158,0.5987189148455162
Falls Church city,51610,2017,Renter,2130,197,0.4012810851544838
Manassas city,51683,2017,Homeowner,7979,314,0.6362838915470495
Manassas city,51683,2017,Renter,4561,333,0.36371610845295055
Manassas Park city,51685,2017,Homeowner,3224,203,0.6747593135203014
Manassas Park city,51685,2017,Renter,1554,200,0.3252406864796986
Arlington County,51013,2018,Homeowner,45504,745,0.4345467741319378
Arlington County,51013,2018,Renter,59212,983,0.5654532258680622
Fairfax County,51059,2018,Homeowner,268346,1923,0.6803093951785665
Fairfax County,51059,2018,Renter,126101,1663,0.3196906048214336
Loudoun County,51107,2018,Homeowner,97513,934,0.7781803382039598
Loudoun County,51107,2018,Renter,27796,854,0.22181966179604018
Prince William County,51153,2018,Homeowner,102811,1165,0.731891537875606
Prince William County,51153,2018,Renter,37662,1120,0.268108462124394
Alexandria city,51510,2018,Homeowner,29989,697,0.4285428485688564
Alexandria city,51510,2018,Renter,39990,793,0.5714571514311436
Fairfax city,51600,2018,Homeowner,6066,237,0.7092248333917923
Fairfax city,51600,2018,Renter,2487,249,0.2907751666082076
Falls Church city,51610,2018,Homeowner,3243,167,0.6163055872291904
Falls Church city,51610,2018,Renter,2019,194,0.38369441277080957
Manassas city,51683,2018,Homeowner,8301,335,0.6511098909718409
Manassas city,51683,2018,Renter,4448,347,0.3488901090281591
Manassas Park city,51685,2018,Homeowner,3098,202,0.6583085422864429
Manassas Park city,51685,2018,Renter,1608,218,0.34169145771355713
Arlington County,51013,2019,Homeowner,45752,988,0.4274609462590627
Arlington County,51013,2019,Renter,61280,1045,0.5725390537409373
Fairfax County,51059,2019,Homeowner,269528,2042,0.6797662553183977
Fairfax County,51059,2019,Renter,126973,1953,0.3202337446816023
Loudoun County,51107,2019,Homeowner,100400,971,0.7804908385612227
Loudoun County,51107,2019,Renter,28237,932,0.21950916143877733
Prince William County,51153,2019,Homeowner,104061,1117,0.7328239436619718
Prince William County,51153,2019,Renter,37939,1041,0.26717605633802816
Alexandria city,51510,2019,Homeowner,30553,804,0.43277429955522817
Alexandria city,51510,2019,Renter,40045,857,0.5672257004447718
Fairfax city,51600,2019,Homeowner,6004,227,0.7000116590882594
Fairfax city,51600,2019,Renter,2573,231,0.2999883409117407
Falls Church city,51610,2019,Homeowner,3204,159,0.5832878208629164
Falls Church city,51610,2019,Renter,2289,205,0.4167121791370836
Manassas city,51683,2019,Homeowner,8530,333,0.66134284385176
Manassas city,51683,2019,Renter,4368,308,0.33865715614824005
Manassas Park city,51685,2019,Homeowner,3059,252,0.6591251885369532
Manassas Park city,51685,2019,Renter,1582,257,0.34087481146304677
Arlington County,51013,2020,Homeowner,46205,1188,0.42544473500055247
Arlington County,51013,2020,Renter,62399,1488,0.5745552649994475
Fairfax County,51059,2020,Homeowner,273428,1998,0.6858796998893775
Fairfax County,51059,2020,Renter,125225,1934,0.31412030011062253
Loudoun County,51107,2020,Homeowner,103019,1152,0.7771206577905179
Loudoun County,51107,2020,Renter,29546,1191,0.22287934220948213
Prince William County,51153,2020,Homeowner,105332,1422,0.730665445792493
Prince William County,51153,2020,Renter,38827,1342,0.269334554207507
Alexandria city,51510,2020,Homeowner,30931,879,0.433881805047062
Alexandria city,51510,2020,Renter,40358,898,0.566118194952938
Fairfax city,51600,2020,Homeowner,6115,276,0.6987772825962747
Fairfax city,51600,2020,Renter,2636,273,0.3012227174037253
Falls Church city,51610,2020,Homeowner,3312,241,0.5881726158763985
Falls Church city,51610,2020,Renter,2319,285,0.4118273841236015
Manassas city,51683,2020,Homeowner,9058,365,0.6932496555946732
Manassas city,51683,2020,Renter,4008,390,0.3067503444053268
Manassas Park city,51685,2020,Homeowner,2790,290,0.6070496083550914
Manassas Park city,51685,2020,Renter,1806,337,0.39295039164490864
Arlington County,51013,2021,Homeowner,46308,1126,0.4227959973705354
Arlington County,51013,2021,Renter,63220,1284,0.5772040026294646
Fairfax County,51059,2021,Homeowner,280077,2094,0.6853327721674787
Fairfax County,51059,2021,Renter,128596,2019,0.3146672278325214
Loudoun County,51107,2021,Homeowner,105236,1060,0.7755619426634239
Loudoun County,51107,2021,Renter,30454,1015,0.224438057336576
Prince William County,51153,2021,Homeowner,111213,1443,0.7390157354739249
Prince William County,51153,2021,Renter,39275,1265,0.26098426452607515
Alexandria city,51510,2021,Homeowner,31857,880,0.4292007975856866
Alexandria city,51510,2021,Renter,42367,966,0.5707992024143135
Fairfax city,51600,2021,Homeowner,6388,292,0.7027502750275028
Fairfax city,51600,2021,Renter,2702,280,0.29724972497249724
Falls Church city,51610,2021,Homeowner,3229,221,0.5735346358792185
Falls Church city,51610,2021,Renter,2401,243,0.4264653641207815
Manassas city,51683,2021,Homeowner,9608,412,0.708450081108981
Manassas city,51683,2021,Renter,3954,384,0.291549918891019
Manassas Park city,51685,2021,Homeowner,3165,315,0.6139670223084384
Manassas Park city,51685,2021,Renter,1990,359,0.3860329776915616
Arlington County,51013,2022,Homeowner,46842,1206,0.42243004139349066
Arlington County,51013,2022,Renter,64045,1312,0.5775699586065093
Fairfax County,51059,2022,Homeowner,281648,2293,0.6855351422924516
Fairfax County,51059,2022,Renter,129196,2353,0.31446485770754834
Loudoun County,51107,2022,Homeowner,107275,1204,0.7742748053035389
Loudoun County,51107,2022,Renter,31274,1243,0.22572519469646118
Prince William County,51153,2022,Homeowner,113158,1638,0.7414556796141951
Prince William County,51153,2022,Renter,39458,1541,0.2585443203858049
Alexandria city,51510,2022,Homeowner,31933,865,0.42680905664412305
Alexandria city,51510,2022,Renter,42885,989,0.573190943355877
Fairfax city,51600,2022,Homeowner,6231,278,0.6825501150180743
Fairfax city,51600,2022,Renter,2898,280,0.3174498849819257
Falls Church city,51610,2022,Homeowner,3191,244,0.5559233449477352
Falls Church city,51610,2022,Renter,2549,266,0.4440766550522648
Manassas city,51683,2022,Homeowner,10236,394,0.7395953757225433
Manassas city,51683,2022,Renter,3604,425,0.26040462427745664
Manassas Park city,51685,2022,Homeowner,3311,356,0.6341696992913235
Manassas Park city,51685,2022,Renter,1910,387,0.3658303007086765
